,Ticker,Co Web Address
0,WMB US Equity,co.williams.com
1,NEXOY US Equity,company.nexon.co.jp
2,ED US Equity,coned.com
3,SRTTY US Equity,corp.zozo.com
4,DISCA US Equity,corporate.discovery.com
5,DISCB US Equity,corporate.discovery.com
6,DISCK US Equity,corporate.discovery.com
7,XOM US Equity,corporate.exxonmobil.com
8,MCD US Equity,corporate.mcdonalds.com
9,GLNCY US Equity,glencore.com
10,KMTUY US Equity,home.komatsu/en
11,NFLX US Equity,https://ir.netflix.com/
12,TWTR US Equity,investor.twitterinc.com
13,YMM US Equity,ir.fulltruckalliance.com/
14,JD US Equity,ir.jd.com
15,PDYPY US Equity,
16,RKT US Equity,
17,ETHE US Equity,
18,GBTC US Equity,
19,FWONK US Equity,
20,FWONB US Equity,
21,RLLCF US Equity,
22,LCID US Equity,
23,OZON US Equity,
24,NTES US Equity,netease.gcs-web.com
25,SIEGY US Equity,new.siemens.com
26,PUMSY US Equity,puma.com
27,SNA US Equity,store.snapon.com
28,DIS US Equity,thewaltdisneycompany.com
29,V US Equity,usa.visa.com
30,HMC US Equity,world.honda.com
31,TXG US Equity,www.10xgenomics.com
32,DASTY US Equity,www.3ds.com
33,TGOPY US Equity,www.3i.com
34,MMM US Equity,www.3m.com
35,FITB US Equity,www.53.com
36,SVNDY US Equity,www.7andi.com
37,AAL US Equity,www.aa.com
38,BUD US Equity,www.ab-inbev.com
39,ABB US Equity,www.abb.com
40,ABT US Equity,www.abbott.com
41,ABBV US Equity,www.abbvie.com
42,GOOGL US Equity,www.abc.xyz
43,GOOG US Equity,www.abc.xyz
44,ACGBY US Equity,www.abchina.com
45,ASBFY US Equity,www.abf.co.uk
46,ABMD US Equity,www.abiomed.com
47,AAVMY US Equity,www.abnamro.com
48,CPNG US Equity,www.aboutcoupang.com
49,ACN US Equity,www.accenture.com
50,ATVI US Equity,www.activision.com
51,ADEVY US Equity,www.adevinta.com
52,ADDYY US Equity,www.adidas-group.com
53,ADM US Equity,www.adm.com
54,AMIGY US Equity,www.admiralgroup.co.uk
55,ADBE US Equity,www.adobe.com
56,ADP US Equity,www.adp.com
57,ARRPY US Equity,www.adp.fr
58,AAP US Equity,www.advanceautoparts.com
59,ATEYY US Equity,www.advantest.com
60,ADYEY US Equity,www.adyen.com
61,CICHY US Equity,www.ae.ccb.com
62,AEG US Equity,www.aegon.com
63,ANYYY US Equity,www.aena.es
64,AONNY US Equity,www.aeon.info
65,AEP US Equity,www.aep.com
66,AES US Equity,www.aes.com
67,AFRM US Equity,www.affirm.com
68,AFG US Equity,www.afginc.com
69,AFL US Equity,www.aflac.com
70,AFTPY US Equity,www.afterpay.com
71,ASGLY US Equity,www.agc.com
72,AGCO US Equity,www.agcocorp.com
73,A US Equity,www.agilent.com
74,AGL US Equity,www.agilonhealth.com
75,AMH US Equity,www.ah4r.com
76,ADRNY US Equity,www.aholddelhaize.com
77,AAGIY US Equity,www.aia.com.hk
78,AIG US Equity,www.aig.com
79,ABNB US Equity,www.airbnb.com
80,EADSY US Equity,www.airbus.com
81,AIRYY US Equity,www.airchina.com.cn
82,AIQUY US Equity,www.airliquide.com
83,AIPUY US Equity,www.airportthai.co.th
84,APD US Equity,www.airproducts.com
85,AVIFY US Equity,www.ais.co.th
86,ASEKY US Equity,www.aisin.com
87,AJG US Equity,www.ajg.com
88,AJINY US Equity,www.ajinomoto.co.jp
89,AKAM US Equity,www.akamai.com
90,AKZOY US Equity,www.akzonobel.com
91,ALB US Equity,www.albemarle.com
92,ACI US Equity,www.albertsonscompanies.com
93,ALFVY US Equity,www.alfalaval.in
94,BABA US Equity,www.alibabagroup.com
95,ALGN US Equity,www.aligntech.com
96,ALBBY US Equity,www.alihealth.cn
97,ALLE US Equity,www.allegion.com
98,LNT US Equity,www.alliantenergy.com
99,ALIZY US Equity,www.allianz.com
100,ALL US Equity,www.allstate.com
101,ALLY US Equity,www.ally.com
102,ALNY US Equity,www.alnylam.com
103,ALSMY US Equity,www.alstom.com
104,ATUS US Equity,www.alticeusa.com
105,MO US Equity,www.altria.com
106,RNECY US Equity,www.am.renesas.com
107,AMADY US Equity,www.amadeus.com
108,AMZN US Equity,www.amazon.com
109,ABEV US Equity,www.ambev.com.br/investidores
110,AMCR US Equity,www.amcor.com
111,AMC US Equity,www.amctheatres.com
112,AMD US Equity,www.amd.com
113,UHAL US Equity,www.amerco.com
114,AEE US Equity,www.ameren.com
115,AMOV US Equity,www.americamovil.com
116,AMX US Equity,www.americamovil.com
117,AXP US Equity,www.americanexpress.com
118,AMT US Equity,www.americantower.com
119,AMP US Equity,www.ameriprise.com
120,ABC US Equity,www.amerisourcebergen.com
121,AME US Equity,www.ametekdfs.com
122,AMGN US Equity,www.amgen.com
123,APH US Equity,www.amphenol-tcs.com
124,AWK US Equity,www.amwater.com
125,ALNPY US Equity,www.ana.co.jp
126,ADI US Equity,www.analog.com
127,NGLOY US Equity,www.angloamerican.com
128,ANGPY US Equity,www.angloamericanplatinum.com
129,NLY US Equity,www.annaly.com
130,ANSS US Equity,www.ansys.com
131,ANTM US Equity,www.antheminc.com
132,ANZBY US Equity,www.anz.co.nz
133,AON US Equity,www.aon.com
134,AOS US Equity,www.aosmith.com
135,APO US Equity,www.apollo.com
136,AAPL US Equity,www.apple.com
137,AMAT US Equity,www.appliedmaterials.com
138,APP US Equity,www.applovin.com
139,APTV US Equity,www.aptiv.com
140,MT US Equity,www.arcelormittal.com
141,ACGL US Equity,www.archcapgroup.com
142,ARE US Equity,www.are.com
143,ARES US Equity,www.aresmgmt.com
144,ARGX US Equity,www.argenx.com
145,ANET US Equity,www.arista.com
146,ARKAY US Equity,www.arkemagroup.com
147,AHKSY US Equity,www.asahi-kasei.co.jp
148,ASAN US Equity,www.asana.com
149,ASX US Equity,www.aseglobal.com
150,ASHTY US Equity,www.ashtead-group.com
151,ASMIY US Equity,www.asm.com
152,ASML US Equity,www.asml.com
153,ASAZY US Equity,www.assaabloy.com
154,AIZ US Equity,www.assurant.com
155,ALPMY US Equity,www.astellas.com
156,PTAIY US Equity,www.astra.co.id
157,AZN US Equity,www.astrazeneca.com
158,ATH US Equity,www.athene.com
159,ATASY US Equity,www.atlantia.it
160,ATLCY US Equity,www.atlascopco.com
161,ATLKY US Equity,www.atlascopco.com
162,TEAM US Equity,www.atlassian.com
163,ATO US Equity,www.atmosenergy.com
164,ADSK US Equity,www.autodesk.com
165,AZO US Equity,www.autozone.com
166,AVB US Equity,www.avaloncommunities.com
167,AGR US Equity,www.avangrid.com
168,AVTR US Equity,www.avantorinc.com
169,AVY US Equity,www.averydennison.com
170,AVVYY US Equity,www.aveva.com
171,AVVIY US Equity,www.aviva.com
172,AXAHY US Equity,www.axa.fr
173,AXON US Equity,www.axon.com
174,BAESY US Equity,www.baesystems.com
175,BIDU US Equity,www.baidu.com
176,BKR US Equity,www.bakerhughes.com
177,BLL US Equity,www.ball.com
178,BBDO US Equity,www.banco.bradesco
179,BBD US Equity,www.banco.bradesco
180,BDORY US Equity,www.bancobrasil.com.br
181,BNCOY US Equity,www.bancointer.com.br
182,NCBDY US Equity,www.bandainamco.co.jp
183,BCMXY US Equity,www.bankcomm.com
184,BKHYY US Equity,www.bankhapoalim.co.il
185,PPERY US Equity,www.bankmandiri.co.id
186,BAC US Equity,www.bankofamerica.com
187,GBOOY US Equity,www.banorte.com
188,BTDPY US Equity,www.barrattdevelopments.co.uk
189,BRRLY US Equity,www.barry-callebaut.com
190,BASFY US Equity,www.basf.com
191,BTI US Equity,www.bat.com
192,BAX US Equity,www.baxter.com
193,BAYRY US Equity,www.bayer.com
194,BRO US Equity,www.bbinsurance.com
195,BBVA US Equity,www.bbvausa.com
196,BBWI US Equity,www.bbwinc.com
197,PBCRY US Equity,www.bca.co.id
198,BDX US Equity,www.bd.com
199,BDRFY US Equity,www.beiersdorf.com
200,BGNE US Equity,www.beigene.com
201,BSY US Equity,www.bentley.com
202,WRB US Equity,www.berkley.com
203,BRK/B US Equity,www.berkshirehathaway.com
204,BRK/A US Equity,www.berkshirehathaway.com
205,BBY US Equity,www.bestbuy.com
206,CGSHY US Equity,www.bgyfw.com
207,BBL US Equity,www.bhp.com
208,BHP US Equity,www.bhp.com
209,BILI US Equity,www.bilibili.com
210,BILL US Equity,www.bill.com
211,BIO US Equity,www.bio-rad.com
212,BIO/B US Equity,www.bio-rad.com
213,TECH US Equity,www.bio-techne.com
214,BIIB US Equity,www.biogen.com
215,BMRN US Equity,www.biomarin.com
216,BNTX US Equity,www.biontech.de
217,BIP US Equity,www.bip.brookfield.com
218,BKI US Equity,www.blackknightinc.com
219,BLK US Equity,www.blackrock.com
220,BX US Equity,www.blackstone.com
221,BLDR US Equity,www.bldr.com
222,OWL US Equity,www.blueowl.com
223,BMY US Equity,www.bms.com
224,BMWYY US Equity,www.bmw.com
225,BNPQY US Equity,www.bnpparibas.nl
226,BACHY US Equity,www.boc.cn
227,BHKLY US Equity,www.bochkholdings.com
228,BA US Equity,www.boeing.com
229,BKNG US Equity,www.bookingholdings.com
230,BAH US Equity,www.boozallen.com
231,BWA US Equity,www.borgwarner.com
232,BXP US Equity,www.bostonproperties.com
233,BSX US Equity,www.bostonscientific.com
234,BOUYY US Equity,www.bouygues.com
235,BP US Equity,www.bp.com
236,BXBLY US Equity,www.brambles.com
237,BNTGY US Equity,www.brenntag.com
238,BKRKY US Equity,www.bri.co.id
239,BRDCY US Equity,www.bridgestone.com
240,AVGO US Equity,www.broadcom.com
241,BR US Equity,www.broadridge.com
242,BF/B US Equity,www.brown-forman.com
243,BF/A US Equity,www.brown-forman.com
244,BRKR US Equity,www.bruker.com
245,BDWBY US Equity,www.budweiserapac.com
246,BG US Equity,www.bunge.com
247,BZLFY US Equity,www.bunzl.com
248,BURBY US Equity,www.burberryplc.com
249,BVVBY US Equity,www.bureauveritas.com
250,BURL US Equity,www.burlingtoninvestors.com
251,BYDIY US Equity,www.byd-electronic.com
252,BYDDY US Equity,www.byd.com
253,CABO US Equity,www.cableone.net
254,CDNS US Equity,www.cadence.com
255,CZR US Equity,www.caesars.com
256,CAIXY US Equity,www.caixabank.com
257,CPT US Equity,www.camdenliving.com
258,DVCMY US Equity,www.camparigroup.com
259,CPB US Equity,www.campbellsoups.com
260,CGEMY US Equity,www.capgemini.com
261,CLLDY US Equity,www.capitaland.com
262,COF US Equity,www.capitalone.com
263,CKHGY US Equity,www.capitecbank.co.za
264,CAH US Equity,www.cardinalhealth.com
265,CSL US Equity,www.carlisle.com
266,CABGY US Equity,www.carlsberggroup.com
267,CG US Equity,www.carlyle.com
268,KMX US Equity,www.carmax.com
269,CUK US Equity,www.carnival.com
270,CCL US Equity,www.carnivalcorp.com
271,CRRFY US Equity,www.carrefour.com
272,CARR US Equity,www.carrier.com
273,CVNA US Equity,www.carvana.com
274,CTLT US Equity,www.catalent.com
275,CAT US Equity,www.caterpillar.com
276,STZ/B US Equity,www.cbrands.com
277,STZ US Equity,www.cbrands.com
278,CBRE US Equity,www.cbre.us
279,CDW US Equity,www.cdw.com
280,CEA US Equity,www.ceair.com
281,CE US Equity,www.celanese.com
282,CLLNY US Equity,www.cellnextelecom.com
283,CX US Equity,www.cemex.com
284,CNC US Equity,www.centene.com
285,CNP US Equity,www.centerpointenergy.com
286,CDAY US Equity,www.ceridian.com
287,CERN US Equity,www.cerner.com
288,ACH US Equity,www.chalco.com.cn
289,PTCAY US Equity,www.chandra-asri.com
290,CHTR US Equity,www.charter.com
291,CHKP US Equity,www.checkpoint.com
292,CHGG US Equity,www.chegg.com
293,CQP US Equity,www.cheniere.com
294,LNG US Equity,www.cheniere.com
295,CVX US Equity,www.chevron.com
296,CHWY US Equity,www.chewy.com
297,CCOZY US Equity,www.chinacoalenergy.com
298,CICOY US Equity,www.chinacosco.com
299,CFEIY US Equity,www.chinafeiheir.com
300,CGHLY US Equity,www.chinagasholdings.com.hk
301,CMG US Equity,www.chipotle.com
302,CJEWY US Equity,www.chowtaifook.com
303,CHYHY US Equity,www.chr-hansen.com
304,CHRW US Equity,www.chrobinson.com
305,CHT US Equity,www.cht.com.tw
306,CHGCY US Equity,www.chugai-pharm.co.jp
307,CHD US Equity,www.churchdwight.com
308,CI US Equity,www.cigna.com
309,CINF US Equity,www.cinfin.com
310,CTAS US Equity,www.cintas-corp.com
311,CSCO US Equity,www.cisco.com
312,CTPCY US Equity,www.citic.com
313,CHCJY US Equity,www.citicbank.com
314,C US Equity,www.citigroup.com
315,CFG US Equity,www.citizensbank.com
316,CTXS US Equity,www.citrix.com
317,CKHUY US Equity,www.ckh.com.hk
318,CKISY US Equity,www.cki.com.hk
319,CLVT US Equity,www.clarivate.com
320,CLF US Equity,www.clevelandcliffs.com
321,NET US Equity,www.cloudflare.com
322,CLPHY US Equity,www.clpgroup.com
323,CLR US Equity,www.clr.com
324,CLPXY US Equity,www.clypg.com.cn
325,CMAKY US Equity,www.cmbc.com.cn
326,CIHKY US Equity,www.cmbchina.com
327,CMCSA US Equity,www.cmcsa.com
328,CMS US Equity,www.cmsenergy.com
329,CNA US Equity,www.cna.com
330,CBUMY US Equity,www.cnbmltd.com
331,CNHI US Equity,www.cnhindustrial.com
332,CNPAY US Equity,www.cnp.fr
333,KO US Equity,www.coca-colacompany.com
334,KOF US Equity,www.coca-colafemsa.com
335,CCHGY US Equity,www.coca-colahellenic.com
336,CCEP US Equity,www.cocacolaep.com
337,CHEOY US Equity,www.cochlear.com
338,CGNX US Equity,www.cognex.com
339,CTSH US Equity,www.cognizant.com
340,CL US Equity,www.colgatepalmolive.com
341,CAOVY US Equity,www.coli.com.hk
342,CLPBY US Equity,www.coloplast.com
343,CMWAY US Equity,www.commbank.com.au
344,CMPGY US Equity,www.compass-group.com
345,CAG US Equity,www.conagrabrands.com
346,AHCHY US Equity,www.conch.cn
347,CFLT US Equity,www.confluent.io
348,COP US Equity,www.conocophillips.com
349,CTTAY US Equity,www.continental.com
350,COO US Equity,www.coopercos.com
351,CPRT US Equity,www.copart.com
352,GLW US Equity,www.corning.com
353,T US Equity,www.corp.att.com/worldwide
354,MTHRY US Equity,www.corporate.m3.com/
355,MAOGY US Equity,www.corporate.man.eu
356,MAGOY US Equity,www.corporate.man.eu
357,CTVA US Equity,www.corteva.com
358,CSGP US Equity,www.costargroup.com
359,COST US Equity,www.costco.com
360,CTRYY US Equity,www.countrygarden.com.cn
361,COUP US Equity,www.coupa.com
362,COVTY US Equity,www.covestro.com
363,CPPCY US Equity,www.cpall.co.th
364,CHPXY US Equity,www.cpic.com.cn
365,CRPJY US Equity,www.cr-power.com
366,CRHKY US Equity,www.crbeer.com.hk
367,CGASY US Equity,www.crcgas.com
368,BAP US Equity,www.credicorpnet.com
369,CRARY US Equity,www.credit-agricole.com
370,CRH US Equity,www.crh.com
371,CRL US Equity,www.criver.com
372,CRBJY US Equity,www.crland.com.hk
373,COIHY US Equity,www.croda.com
374,CRWD US Equity,www.crowdstrike.com
375,CCI US Equity,www.crowncastle.com
376,CCK US Equity,www.crowncork.com
377,ZNH US Equity,www.csair.com
378,CSLLY US Equity,www.csl.com.au
379,CSX US Equity,www.csx.com
380,CUBE US Equity,www.cubesmart.com
381,CMI US Equity,www.cummins.com
382,CVAC US Equity,www.curevac.com
383,CVS US Equity,www.cvshealth.com
384,DLICY US Equity,www.dai-ichi-life.co.jp
385,DFKCY US Equity,www.daifuku.co.jp/english/index.html
386,DSNKY US Equity,www.daiichisankyo.co.jp
387,DKILY US Equity,www.daikin.co.jp
388,DMLRY US Equity,www.daimler.com
389,DWAHY US Equity,www.daiwahouse.co.jp
390,DHR US Equity,www.danaher.com
391,DANOY US Equity,www.danone.com
392,DNKEY US Equity,www.danskebank.com
393,DRI US Equity,www.darden.com
394,DAR US Equity,www.darlingii.com
395,DDOG US Equity,www.datadoghq.com
396,DVA US Equity,www.davita.com
397,DBSDY US Equity,www.dbs.com
398,ROST US Equity,www.ddsdiscounts.com
399,DECK US Equity,www.deckers.com
400,DE US Equity,www.deere.com
401,DELL US Equity,www.dell.com
402,DAL US Equity,www.delta.com
403,WILYY US Equity,www.demant.com
404,XRAY US Equity,www.dentsplysirona.com
405,DTCWY US Equity,www.deutsche-wohnen.com
406,DVN US Equity,www.devonenergy.com
407,DXCM US Equity,www.dexcom.com
408,DEO US Equity,www.diageo.com
409,FANG US Equity,www.diamondbackenergy.com
410,DKS US Equity,www.dickssportinggoods.com
411,DIDI US Equity,www.didiglobal.com
412,DLR US Equity,www.digitalrealty.com
413,CHDRY US Equity,www.dior-finance.com
414,DSCSY US Equity,www.disco.co.jp/
415,DFS US Equity,www.discover.com
416,DISH US Equity,www.dish.com
417,DLO US Equity,www.dlocal.com
418,DNBBY US Equity,www.dnb.no
419,DOCU US Equity,www.docusign.com
420,DLB US Equity,www.dolby.com
421,DG US Equity,www.dollargeneral.com
422,DLTR US Equity,www.dollartree.com
423,D US Equity,www.dominionenergy.com
424,DPZ US Equity,www.dominos.com
425,DQJCY US Equity,www.donki.com
426,DASH US Equity,www.doordash.com
427,DOV US Equity,www.dovercorporation.com
428,DOW US Equity,www.dow.com
429,DOCS US Equity,www.doximity.com
430,DPSGY US Equity,www.dpdhl.com
431,DKNG US Equity,www.draftkings.com
432,DHI US Equity,www.drhorton.com
433,DBX US Equity,www.dropbox.com
434,KDP US Equity,www.drpeppersnapplegroup.com
435,RDY US Equity,www.drreddys.com
436,RDSMY US Equity,www.dsm.com
437,DSDVY US Equity,www.dsv.com
438,DUK US Equity,www.duke-energy.com
439,DRE US Equity,www.dukerealty.com
440,DD US Equity,www.dupont.com
441,DT US Equity,www.dynatrace.com
442,LFC US Equity,www.e-chinalife.com
443,CSPCY US Equity,www.e-cspc.com
444,EA US Equity,www.ea.com
445,EMN US Equity,www.eastman.com
446,EWBC US Equity,www.eastwestbank.com
447,ETN US Equity,www.eaton.com
448,EBAY US Equity,www.ebayinc.com
449,ECL US Equity,www.ecolab.com
450,EC US Equity,www.ecopetrol.com.co
451,EDNMY US Equity,www.edenred.com
452,ECIFY US Equity,www.edf.fr
453,EIX US Equity,www.edison.com
454,EDPFY US Equity,www.edp.com
455,EW US Equity,www.edwards.com
456,EFGSY US Equity,www.eiffage.com
457,ESALY US Equity,www.eisai.co.jp
458,ELAN US Equity,www.elanco.com
459,ESTC US Equity,www.elastic.co
460,EL US Equity,www.elcompanies.com
461,EBR/B US Equity,www.eletrobras.gov.br
462,EBR US Equity,www.eletrobras.gov.br
463,EMR US Equity,www.emerson.com
464,EDR US Equity,www.endeavorco.com
465,ELEZY US Equity,www.endesa.com
466,ENLAY US Equity,www.enel.com
467,ENIA US Equity,www.enelamericas.com
468,ET US Equity,www.energytransfer.com
469,ENGIY US Equity,www.engie.com
470,TCOM US Equity,www.english.ctrip.com
471,E US Equity,www.eni.it
472,ENPH US Equity,www.enphaseenergy.com
473,GMVHY US Equity,www.entaingroup.com
474,ENTG US Equity,www.entegris.com
475,ETR US Equity,www.entergy.com
476,EPD US Equity,www.enterpriseproducts.com
477,EOG US Equity,www.eogresources.com
478,EONGY US Equity,www.eon.com
479,EPAM US Equity,www.epam.com
480,EPKKY US Equity,www.epiroc.com
481,EPOKY US Equity,www.epiroc.com
482,EFX US Equity,www.equifax.com
483,EQIX US Equity,www.equinix.com
484,EQNR US Equity,www.equinor.com
485,EQH US Equity,www.equitableholdings.com
486,EQR US Equity,www.equityapartments.com
487,ELS US Equity,www.equitylifestyleproperties.com
488,ERIC US Equity,www.ericsson.com
489,EBKDY US Equity,www.erstegroup.com
490,WTRG US Equity,www.essential.co
491,ESS US Equity,www.essexapartmenthomes.com
492,ESLOY US Equity,www.essilorluxottica.com
493,ETSY US Equity,www.etsy.com
494,RE US Equity,www.everestregroup.com
495,EVRG US Equity,www.evergy.com
496,ES US Equity,www.eversource.com
497,EVVTY US Equity,www.evolution.com
498,EVKIY US Equity,www.evonik.com
499,EXAS US Equity,www.exactsciences.com
500,EXC US Equity,www.exeloncorp.com
501,EXPE US Equity,www.expediainc.com
502,EXPD US Equity,www.expeditors.com
503,EXPGY US Equity,www.experian.com
504,EXR US Equity,www.extraspace.com
505,FFIV US Equity,www.f5.com
506,FB US Equity,www.facebook.com
507,FDS US Equity,www.factset.com
508,FICO US Equity,www.fairisaac.com
509,FANUY US Equity,www.fanuc.co.jp
510,FTCH US Equity,www.farfetch.com
511,FAST US Equity,www.fastenal.com
512,FRCOY US Equity,www.fastretailing.com
513,FBHS US Equity,www.fbhs.com
514,FCX US Equity,www.fcx.com
515,FDX US Equity,www.fedex.com
516,FMX US Equity,www.femsa.com
517,RACE US Equity,www.ferrari.com
518,FRRVY US Equity,www.ferrovial.com
519,FE US Equity,www.firstenergycorp.com
520,FANDY US Equity,www.firstrand.co.za
521,FRC US Equity,www.firstrepublic.com
522,FISV US Equity,www.fiserv.com
523,FIS US Equity,www.fisglobal.com
524,TMO US Equity,www.fishersci.com
525,FIVN US Equity,www.five9.com
526,FIVE US Equity,www.fivebelow.com
527,FLT US Equity,www.fleetcor.com
528,FND US Equity,www.flooranddecor.com
529,FMC US Equity,www.fmc.com
530,FMS US Equity,www.fmcna.com
531,FSUGY US Equity,www.fmgl.com.au
532,FNF US Equity,www.fnf.com
533,F US Equity,www.ford.com
534,FTNT US Equity,www.fortinet.com
535,FTV US Equity,www.fortive.com
536,FOJCY US Equity,www.fortum.com
537,FOSUY US Equity,www.fosun.com
538,FOX US Equity,www.foxcorporation.com
539,FOXA US Equity,www.foxcorporation.com
540,BEN US Equity,www.franklinresources.com
541,FSNUY US Equity,www.fresenius.de
542,FUJIY US Equity,www.fujifilmholdings.com
543,FJTSY US Equity,www.fujitsu.com
544,FUTU US Equity,www.futuholdings.com
545,GNZUY US Equity,www.gagc.com.cn
546,GXYYY US Equity,www.galaxyentertainment.com
547,GME US Equity,www.gamestop.com
548,GPS US Equity,www.gapinc.com
549,GRMN US Equity,www.garmin.com
550,IT US Equity,www.gartner.com
551,GZPFY US Equity,www.gazprom-neft.ru
552,GBLBY US Equity,www.gbl.be
553,GDS US Equity,www.gds-services.com
554,GE US Equity,www.ge.com
555,GBERY US Equity,www.geberit.com
556,GELYY US Equity,www.geelyauto.com.hk
557,GNRC US Equity,www.generac.com
558,GD US Equity,www.generaldynamics.com
559,ARZGY US Equity,www.generali.com
560,GIS US Equity,www.generalmills.com
561,GMAB US Equity,www.genmab.com
562,GPC US Equity,www.genpt.com
563,GNGBY US Equity,www.getinge.com
564,GILD US Equity,www.gilead.com
565,GVDNY US Equity,www.givaudan.com
566,GJNSY US Equity,www.gjensidige.no
567,GLBE US Equity,www.global-e.com
568,CAJ US Equity,www.global.canon
569,TTDKY US Equity,www.global.tdk.com
570,DNZOY US Equity,www.globaldenso.com
571,GPN US Equity,www.globalpaymentsinc.com
572,SZKMY US Equity,www.globalsuzuki.com
573,GLOB US Equity,www.globant.com
574,GLPI US Equity,www.glpropinc.com
575,GM US Equity,www.gm.com
576,GNNDY US Equity,www.gn.com
577,GDRX US Equity,www.goodrx.com
578,GGG US Equity,www.graco.com
579,GWW US Equity,www.grainger.com
580,GRFS US Equity,www.grifols.com
581,GIKLY US Equity,www.grifols.com
582,DNTUY US Equity,www.group.dentsu.com
583,QBIEY US Equity,www.group.qbe.com
584,RNLSY US Equity,www.group.renault.com
585,SFTBY US Equity,www.group.softbank
586,BMBOY US Equity,www.grupobimbo.com
587,GSK US Equity,www.gsk.com
588,GH US Equity,www.guardanthealth.com
589,GWLLY US Equity,www.gwm.com.cn
590,HAL US Equity,www.halliburton.com
591,HALMY US Equity,www.halma.com
592,SVNLY US Equity,www.handelsbanken.se
593,HLPPY US Equity,www.hanglung.com
594,HSNGY US Equity,www.hangseng.com
595,HVRRY US Equity,www.hannover-rueck.de
596,HPGLY US Equity,www.hapag-lloyd.com
597,HAS US Equity,www.hasbro.com
598,HCA US Equity,www.hcahealthcare.com
599,JXHLY US Equity,www.hd.eneos.co.jp
600,HDB US Equity,www.hdfcbank.com
601,PEAK US Equity,www.healthpeak.com
602,HEI US Equity,www.heico.com
603,HEI/A US Equity,www.heico.com
604,HDELY US Equity,www.heidelbergcement.com
605,HKHHY US Equity,www.heinekeninternational.com
606,HELFY US Equity,www.hellofresh.de
607,HENKY US Equity,www.henkel.cn
608,HENOY US Equity,www.henkel.cn
609,HSIC US Equity,www.henryschein.com
610,HESAY US Equity,www.hermes-international.com
611,HSY US Equity,www.hersheys.com
612,HES US Equity,www.hess.com
613,HXGBY US Equity,www.hexagon.se
614,HLT US Equity,www.hiltonworldwide.com
615,HTHIY US Equity,www.hitachi.com
616,HNGKY US Equity,www.hkland.com
617,HRGLY US Equity,www.hl.co.uk
618,HLDCY US Equity,www.hld.com
619,HNNMY US Equity,www.hm.com
620,HOLX US Equity,www.hologic.com
621,BCS US Equity,www.home.barclays
622,HD US Equity,www.homedepot.com
623,HON US Equity,www.honeywell.com
624,HZNP US Equity,www.horizontherapeutics.com
625,HRL US Equity,www.hormelfoods.com
626,HST US Equity,www.hosthotels.com
627,HWM US Equity,www.howmet.com
628,HOCPY US Equity,www.hoya.co.jp
629,HPQ US Equity,www.hp.com
630,HPE US Equity,www.hpe.com
631,HNP US Equity,www.hpi.com.cn
632,HSBC US Equity,www.hsbc.com
633,HTHT US Equity,www.huazhu.com
634,HUBB US Equity,www.hubbell.com
635,HUBS US Equity,www.hubspot.com
636,HUM US Equity,www.humana.com
637,HBAN US Equity,www.huntington.com
638,NHYDY US Equity,www.hydro.com
639,IAC US Equity,www.iac.com
640,ICAGY US Equity,www.iairgroup.com
641,IBDRY US Equity,www.iberdrola.com
642,IBM US Equity,www.ibm.com
643,IDCBY US Equity,www.icbc-ltd.com
644,IHG US Equity,www.ichotelsgroup.com
645,IBN US Equity,www.icicibank.com
646,ICLR US Equity,www.iconplc.com
647,IEX US Equity,www.idexcorp.com
648,IDXX US Equity,www.idexx.com
649,IEP US Equity,www.ielp.com
650,IFF US Equity,www.iff.com
651,INFO US Equity,www.ihsmarkit.com
652,ILIAY US Equity,www.iliad.fr
653,ILMN US Equity,www.illumina.com
654,IMBBY US Equity,www.imperialbrandsplc.com
655,IMPUY US Equity,www.implats.co.za
656,GDDY US Equity,www.in.godaddy.com
657,INCY US Equity,www.incyte.com
658,IDEXY US Equity,www.inditex.com
659,IFNNY US Equity,www.infineon.com
660,IFJPY US Equity,www.informa.com
661,INFY US Equity,www.infosys.com
662,ING US Equity,www.ing.com
663,IPXHY US Equity,www.inpex.co.jp
664,PODD US Equity,www.insulet.com
665,INTC US Equity,www.intel.com
666,NTLA US Equity,www.intelliatx.com
667,IP US Equity,www.internationalpaper.com
668,IPG US Equity,www.interpublic.com
669,IKTSY US Equity,www.intertek.com
670,ISNPY US Equity,www.intesasanpaolo.com
671,INTU US Equity,www.intuit.com
672,ISRG US Equity,www.intuitivesurgical.com
673,IVZ US Equity,www.invesco.com
674,INVH US Equity,www.invitationhomes.com
675,IQV US Equity,www.iqvia.com
676,ANPDY US Equity,www.ir.anta.com
677,IR US Equity,www.irco.com
678,IRM US Equity,www.ironmountain.com
679,IS US Equity,www.is.com
680,ITUB US Equity,www.itau.com.br
681,ITOCY US Equity,www.itochu.co.jp
682,ITW US Equity,www.itw.com
683,JKHY US Equity,www.jackhenry.com
684,J US Equity,www.jacobs.com
685,JHX US Equity,www.jameshardie.com
686,JPPHY US Equity,www.japanpost.jp
687,JMHLY US Equity,www.jardines.com
688,JBHT US Equity,www.jbhunt.com
689,JBSAY US Equity,www.jbs.com.br
690,JDSPY US Equity,www.jdsports.co.uk
691,JRONY US Equity,www.jeronimomartins.pt
692,JLL US Equity,www.jll.com
693,JNJ US Equity,www.jnj.com
694,JCI US Equity,www.johnsoncontrols.com
695,JPM US Equity,www.jpmorganchase.com
696,CJPRY US Equity,www.jr-central.co.jp
697,EJPRY US Equity,www.jreast.co.jp
698,JAPAY US Equity,www.jt.com
699,JBAXY US Equity,www.juliusbaer.com
700,JIXAY US Equity,www.jxcc.com
701,KAOOY US Equity,www.kao.com
702,KBCSY US Equity,www.kbc.be
703,KB US Equity,www.kbfg.com
704,KSU US Equity,www.kcsouthern.com
705,KDDIY US Equity,www.kddi.com
706,BEKE US Equity,www.ke.com
707,K US Equity,www.kelloggcompany.com
708,KEP US Equity,www.kepco.co.kr
709,PPRUY US Equity,www.kering.com
710,KRYAY US Equity,www.kerrygroup.com
711,KKOYY US Equity,www.kesko.fi
712,KEY US Equity,www.key.com
713,KEYS US Equity,www.keysight.com
714,KIKOY US Equity,www.kikkoman.com
715,KMB US Equity,www.kimberly-clark.com
716,KIM US Equity,www.kimcorealty.com
717,KMI US Equity,www.kindermorgan.com
718,KGDEY US Equity,www.kingdee.com
719,KGFHY US Equity,www.kingfisher.com
720,KGSPY US Equity,www.kingspan.com
721,KIGRY US Equity,www.kiongroup.com
722,KNBWY US Equity,www.kirin.co.jp
723,KKR US Equity,www.kkr.com
724,KLAC US Equity,www.kla-tencor.com
725,KHNGY US Equity,www.kn-portal.com
726,KNRRY US Equity,www.knorr-bremse.de
727,KNYJY US Equity,www.kone.com
728,KKPNY US Equity,www.kpn.com
729,KHC US Equity,www.kraftheinzcompany.com
730,KR US Equity,www.kroger.com
731,KUBTY US Equity,www.kubota-global.net
732,KIROY US Equity,www.kumba.co.za
733,KYOCY US Equity,www.kyocera.co.jp/
734,LHX US Equity,www.l3harris.com
735,LH US Equity,www.labcorp.com
736,HCMLY US Equity,www.lafargeholcim.com
737,LAMR US Equity,www.lamar.com
738,LRCX US Equity,www.lamresearch.com
739,LSRCY US Equity,www.lasertec.co.jp
740,LGGNY US Equity,www.legalandgeneralgroup.com
741,LGRDY US Equity,www.legrand.com
742,LDOS US Equity,www.leidos.com
743,LEN US Equity,www.lennar.com
744,LEN/B US Equity,www.lennar.com
745,LII US Equity,www.lennoxinternational.com
746,LNVGY US Equity,www.lenovo.com
747,LEVI US Equity,www.levistrauss.com
748,LNC US Equity,www.lfg.com
749,LNNGY US Equity,www.li-ning.com.cn
750,LBRDK US Equity,www.libertybroadband.com
751,LBRDB US Equity,www.libertybroadband.com
752,LBRDA US Equity,www.libertybroadband.com
753,LBTYK US Equity,www.libertyglobal.com
754,LBTYA US Equity,www.libertyglobal.com
755,LBTYB US Equity,www.libertyglobal.com
756,LSXMB US Equity,www.libertymedia.com
757,FWONA US Equity,www.libertymedia.com
758,LSXMK US Equity,www.libertymedia.com
759,LSXMA US Equity,www.libertymedia.com
760,LLY US Equity,www.lilly.com
761,LIN US Equity,www.linde.com
762,LAD US Equity,www.lithia.com
763,LYV US Equity,www.livenationentertainment.com
764,LI US Equity,www.lixiang.com
765,LKQ US Equity,www.lkqcorp.com
766,LYG US Equity,www.lloydsbankinggroup.com
767,LMT US Equity,www.lockheedmartin.com
768,L US Equity,www.loews.com
769,LGFRY US Equity,www.longfor.com
770,LZAGY US Equity,www.lonzagroup.com
771,LRLCY US Equity,www.loreal.com
772,LOW US Equity,www.lowes.com
773,LPLA US Equity,www.lplfinancial.lpl.com
774,LU US Equity,www.lu.com
775,LULU US Equity,www.lululemon.com
776,LUMN US Equity,www.lumen.com
777,LVMUY US Equity,www.lvmh.fr
778,LYFT US Equity,www.lyft.com
779,LYB US Equity,www.lyondellbasell.com
780,MAA US Equity,www.maac.com
781,MQBKY US Equity,www.macquarie.com.au
782,AMKBY US Equity,www.maersk.com
783,MGLUY US Equity,www.magazineluiza.com.br
784,MMP US Equity,www.magellanlp.com
785,MKTAY US Equity,www.makita.co.jp
786,MTB US Equity,www.mandtbank.com
787,MANH US Equity,www.manh.com
788,MPC US Equity,www.marathonpetroleum.com
789,MRVI US Equity,www.maravai.com
790,MHGVY US Equity,www.marineharvest.no
791,MKL US Equity,www.markelcorp.com
792,MKTX US Equity,www.marketaxess.com
793,MQ US Equity,www.marqeta.com
794,MAR US Equity,www.marriott.com
795,MLM US Equity,www.martinmarietta.com
796,MARUY US Equity,www.marubeni.co.jp
797,MRVL US Equity,www.marvell.com
798,MAS US Equity,www.masco.com
799,MASI US Equity,www.masimo.com
800,MA US Equity,www.mastercard.us
801,TYCMY US Equity,www.masterkong.com.cn
802,MLYBY US Equity,www.maybank.com
803,MCFE US Equity,www.mcafee.com
804,MLLUY US Equity,www.mccchina.com
805,MKC US Equity,www.mccormick.com
806,MKC/V US Equity,www.mccormick.com
807,MCK US Equity,www.mckesson.com
808,MITEY US Equity,www.mec.co.jp
809,MPW US Equity,www.medicalpropertiestrust.com
810,MDIBY US Equity,www.mediobanca.com
811,CZMWY US Equity,www.meditec.zeiss.com
812,MDT US Equity,www.medtronic.com
813,MPNGY US Equity,www.meituan.com
814,MLSYY US Equity,www.melroseplc.net
815,CIADY US Equity,www.mengniuir.com
816,MELI US Equity,www.mercadolibre.com
817,MRK US Equity,www.merck.com
818,MKKGY US Equity,www.merckgroup.com
819,MET US Equity,www.metlife.com
820,MGP US Equity,www.mgmgrowthproperties.com
821,MGM US Equity,www.mgmresorts.com
822,XIACY US Equity,www.mi.com
823,MGDDY US Equity,www.michelin.com
824,MCHP US Equity,www.microchip.com
825,MU US Equity,www.micron.com
826,MSFT US Equity,www.microsoft.com
827,MIDD US Equity,www.middleby.com
828,MNBEY US Equity,www.minebeamitsumi.com
829,MSSMY US Equity,www.misumi.co.jp/
830,MTLHY US Equity,www.mitsubishichem-hd.co.jp
831,MIELY US Equity,www.mitsubishielectric.co.jp
832,MITSY US Equity,www.mitsui.com
833,MTSFY US Equity,www.mitsuifudosan.co.jp
834,MFG US Equity,www.mizuho-fg.co.jp
835,MMC US Equity,www.mmc.com
836,MRNA US Equity,www.modernatx.com
837,MHK US Equity,www.mohawkind.com
838,MOH US Equity,www.molinahealthcare.com
839,TAP/A US Equity,www.molsoncoors.com
840,TAP US Equity,www.molsoncoors.com
841,MONRY US Equity,www.monclergroup.com
842,MNDY US Equity,www.monday.com
843,MDLZ US Equity,www.mondelezinternational.com
844,MONDY US Equity,www.mondigroup.com
845,MDB US Equity,www.mongodb.com
846,MPWR US Equity,www.monolithicpower.com
847,MONOY US Equity,www.monotaro.com
848,MNST US Equity,www.monsterbevcorp.com
849,MCO US Equity,www.moodys.com
850,MORN US Equity,www.morningstar.com
851,MOS US Equity,www.mosaicco.com
852,MSI US Equity,www.motorolasolutions.com
853,MPLX US Equity,www.mplx.com
854,MSADY US Equity,www.ms-ad-hd.com
855,MSCI US Equity,www.msci.com
856,MTD US Equity,www.mt.com
857,MTCH US Equity,www.mtch.com
858,MTNOY US Equity,www.mtngbissau.com
859,MTCPY US Equity,www.mtr.com.hk
860,MTUAY US Equity,www.mtu.de
861,MUFG US Equity,www.mufg.jp
862,MURGY US Equity,www.munichre.com
863,MRAAY US Equity,www.murata.co.jp
864,NABZY US Equity,www.nab.com.au
865,NPSNY US Equity,www.naspers.com
866,NTRA US Equity,www.natera.com
867,NGG US Equity,www.nationalgrid.com
868,NTCO US Equity,www.naturaeco.com/en/
869,GASNY US Equity,www.naturgy.es
870,NWG US Equity,www.natwestgroup.com
871,NTOIY US Equity,www.neste.com
872,NSRGY US Equity,www.nestle.com
873,NTAP US Equity,www.netapp.com
874,CB US Equity,www.new.chubb.com
875,NCMGY US Equity,www.newcrest.com.au
876,NWL US Equity,www.newellbrands.com
877,DTE US Equity,www.newlook.dteenergy.com
878,NEM US Equity,www.newmont.com
879,NWSA US Equity,www.newscorp.com
880,NWS US Equity,www.newscorp.com
881,NEXXY US Equity,www.nexi.it
882,NEE US Equity,www.nexteraenergy.com
883,NXGPY US Equity,www.nextplc.co.uk
884,NICE US Equity,www.nice.com
885,NJDCY US Equity,www.nidec.com
886,NKE US Equity,www.nike.com
887,NTDOY US Equity,www.nintendo.co.jp/
888,NIO US Equity,www.nio.io
889,NPSCY US Equity,www.nipponsteel.com
890,NSANY US Equity,www.nissan-global.com
891,NCLTY US Equity,www.nitori.co.jp
892,NDEKY US Equity,www.nitto.com
893,NNGRY US Equity,www.nn-group.com
894,NOK US Equity,www.nokia.com
895,NRDBY US Equity,www.nordea.com
896,NDSN US Equity,www.nordson.com
897,NILSY US Equity,www.nornik.ru
898,NOC US Equity,www.northropgrumman.com
899,NLOK US Equity,www.nortonlifelock.com
900,NVS US Equity,www.novartis.com
901,NVAX US Equity,www.novavax.com
902,NVCR US Equity,www.novocure.com
903,NVO US Equity,www.novonordisk.com
904,NVZMY US Equity,www.novozymes.com
905,NRG US Equity,www.nrg.com
906,NRILY US Equity,www.nri.co.jp
907,NSC US Equity,www.nscorp.com
908,NTTYY US Equity,www.ntt.co.jp
909,NTDTY US Equity,www.nttdata.co.jp
910,NUAN US Equity,www.nuance.com
911,NUE US Equity,www.nucor.com
912,NVDA US Equity,www.nvidia.com
913,NVR US Equity,www.nvrinc.com
914,NDVLY US Equity,www.nwd.com.hk
915,NXPI US Equity,www.nxp.com
916,NPNYY US Equity,www.nyk.com
917,OSH US Equity,www.oakstreethealth.com
918,OTLY US Equity,www.oatly.com
919,OCDDY US Equity,www.ocado.com
920,OVCHY US Equity,www.ocbc.com
921,ODFL US Equity,www.odfl.com
922,OKTA US Equity,www.okta.com
923,OLCLY US Equity,www.olc.co.jp
924,OCPNY US Equity,www.olympus.co.jp
925,OMC US Equity,www.omnicomgroup.com
926,OMRNY US Equity,www.omron.com
927,OMVKY US Equity,www.omv.com
928,OKE US Equity,www.oneok.com
929,PTON US Equity,www.onepeloton.com
930,OPHLY US Equity,www.ono.co.jp
931,ON US Equity,www.onsemi.com
932,OROVY US Equity,www.ooilgroup.com
933,OPEN US Equity,www.opendoor.com
934,ORCL US Equity,www.oracle.com
935,ORAN US Equity,www.orange.com
936,ORLY US Equity,www.oreillyauto.com
937,IX US Equity,www.orix.co.jp
938,DNNGY US Equity,www.orsted.com
939,OTIS US Equity,www.otis.com
940,OTSKY US Equity,www.otsuka.com
941,OXY US Equity,www.oxy.com
942,PCAR US Equity,www.paccar.com
943,PKG US Equity,www.packagingcorp.com
944,PAGS US Equity,www.pagseguro.uol.com.br
945,PLTR US Equity,www.palantir.com
946,PANW US Equity,www.paloaltonetworks.com
947,PCRFY US Equity,www.panasonic.net
948,PANDY US Equity,www.pandoragroup.com
949,PH US Equity,www.parker.com
950,PAYX US Equity,www.paychex.com
951,PAYC US Equity,www.paycom.com
952,PCTY US Equity,www.paylocity.com
953,PYPL US Equity,www.paypal.com
954,PEGA US Equity,www.pega.com
955,PNR US Equity,www.pentair.com
956,PEN US Equity,www.penumbrainc.com
957,PEP US Equity,www.pepsico.com
958,PKI US Equity,www.perkinelmergenomics.com
959,PDRDY US Equity,www.pernod-ricard.com
960,PSMMY US Equity,www.persimmonhomes.com
961,PBR/A US Equity,www.petrobras.com.br
962,PBR US Equity,www.petrobras.com.br
963,PTR US Equity,www.petrochina.com.cn
964,PFE US Equity,www.pfizer.com
965,PCG US Equity,www.pgecorp.com
966,PHG US Equity,www.philips.com
967,PSX US Equity,www.phillips66.com
968,PPCCY US Equity,www.piccnet.com.cn
969,PINXY US Equity,www.piccnet.com.cn
970,PDD US Equity,www.pinduoduo.com
971,PNGAY US Equity,www.pingan.cn
972,PINS US Equity,www.pinterest.com
973,PSZKY US Equity,www.pkobp.pl
974,PLTK US Equity,www.playtika.com
975,PLUG US Equity,www.plugpower.com
976,PM US Equity,www.pmi.com
977,PNC US Equity,www.pnc.com
978,PENN US Equity,www.pngaming.com
979,OPYGY US Equity,www.polyus.com
980,POOL US Equity,www.poolcorp.com
981,POAHY US Equity,www.porsche-se.com
982,PKX US Equity,www.posco.co.kr
983,HGKGY US Equity,www.powerassets.com
984,PPD US Equity,www.ppdi.com
985,PPG US Equity,www.ppg.com
986,PPL US Equity,www.pplweb.com
987,PRDSY US Equity,www.pradagroup.com
988,PFG US Equity,www.principal.com
989,PCOR US Equity,www.procore.com
990,PGR US Equity,www.progressivecommercial.com
991,PLD US Equity,www.prologis.com
992,PFPT US Equity,www.proofpoint.com
993,PROSY US Equity,www.prosus.com
994,PRU US Equity,www.prudential.com
995,PUK US Equity,www.prudentialplc.com
996,PRYMY US Equity,www.prysmiangroup.com
997,PSTVY US Equity,www.psbc.com
998,PEG US Equity,www.pseg.com
999,PTC US Equity,www.ptc.com
1000,PEXNY US Equity,www.pttep.com
1001,PUTRY US Equity,www.pttplc.com
1002,PUBGY US Equity,www.publicisgroupe.com
1003,PSA US Equity,www.publicstorage.com
1004,PHM US Equity,www.pulte.com
1005,PXD US Equity,www.pxd.com
1006,QGEN US Equity,www.qiagen.com
1007,QRVO US Equity,www.qorvo.com
1008,QCOM US Equity,www.qualcomm.com
1009,XM US Equity,www.qualtrics.com
1010,PWR US Equity,www.quantaservices.com
1011,DGX US Equity,www.questdiagnostics.com
1012,RKUNY US Equity,www.rakuten.co.jp
1013,RMYHY US Equity,www.ramsayhealth.com.au
1014,RANJY US Equity,www.randstad.nl
1015,RATIY US Equity,www.rational-ag.com
1016,RJF US Equity,www.raymondjames.com
1017,RBGLY US Equity,www.rb.com
1018,O US Equity,www.realtyincome.com
1019,RCRUY US Equity,www.recruit-holdings.co.jp
1020,RDEIY US Equity,www.ree.es
1021,REG US Equity,www.regencycenters.com
1022,REGN US Equity,www.regeneron.com
1023,RF US Equity,www.regions.com
1024,RELX US Equity,www.relx.com
1025,REMYY US Equity,www.remy-cointreau.com
1026,RTOKY US Equity,www.rentokil-initial.com
1027,RGEN US Equity,www.repligen.com
1028,REPYY US Equity,www.repsol.com
1029,RSG US Equity,www.republicservices.com
1030,RMD US Equity,www.resmed.com
1031,RH US Equity,www.restorationhardware.com
1032,CFRUY US Equity,www.richemont.com
1033,RNG US Equity,www.ringcentral.com
1034,RIO US Equity,www.riotinto.com
1035,RHI US Equity,www.roberthalf.com
1036,HOOD US Equity,www.robinhood.com
1037,RBLX US Equity,www.roblox.com
1038,RHHBY US Equity,www.roche.com
1039,SDVKY US Equity,www.rocktechnology.sandvik
1040,ROK US Equity,www.rockwellautomation.com
1041,ROKU US Equity,www.roku.com
1042,ROL US Equity,www.rollins.com
1043,RYCEY US Equity,www.rolls-royce.com
1044,ROP US Equity,www.ropertech.com
1045,RCL US Equity,www.royalcaribbean.com
1046,RPRX US Equity,www.royaltypharma.com
1047,RPM US Equity,www.rpminc.com
1048,RTX US Equity,www.rtx.com
1049,RWEOY US Equity,www.rwe.com
1050,RYAAY US Equity,www.ryanair.com
1051,SAFRY US Equity,www.safran-group.com
1052,SGPYY US Equity,www.sage.com
1053,CODYY US Equity,www.saint-gobain.com
1054,CRM US Equity,www.salesforce.com
1055,SAXPY US Equity,www.sampo.fi
1056,LVS US Equity,www.sands.com
1057,SCHYY US Equity,www.sandschina.com
1058,SNY US Equity,www.sanofi.fr
1059,SAN US Equity,www.santander.com
1060,BSBR US Equity,www.santander.com.br
1061,SC US Equity,www.santanderconsumerusa.com
1062,SAP US Equity,www.sap.com
1063,SSSGY US Equity,www.sartorius.com
1064,SBAC US Equity,www.sbasite.com
1065,SCBFY US Equity,www.sc.com
1066,SCABY US Equity,www.sca.com
1067,SMUUY US Equity,www.scb.co.th
1068,SCVPY US Equity,www.scg.co.th
1069,SBSNY US Equity,www.schibsted.no
1070,SCHW US Equity,www.schwab.com
1071,SCI US Equity,www.sci-corp.com
1072,SBGSY US Equity,www.se.com
1073,STX US Equity,www.seagate.com
1074,SGEN US Equity,www.seagen.com
1075,SE US Equity,www.seagroup.com
1076,SOMLY US Equity,www.secom.co.jp
1077,SMTOY US Equity,www.sei.co.jp
1078,SKHSY US Equity,www.sekisuihouse.co.jp
1079,SRE US Equity,www.sempra.com
1080,S US Equity,www.sentinelone.com
1081,NOW US Equity,www.service-now.com
1082,STRNY US Equity,www.severntrent.co.uk
1083,SGSOY US Equity,www.sgs.com
1084,SIELY US Equity,www.shanghai-electric.com
1085,RDS/A US Equity,www.shell.com
1086,RDS/B US Equity,www.shell.com
1087,CSUAY US Equity,www.shenhuachina.com
1088,SHZHY US Equity,www.shenzhouintl.com
1089,SHW US Equity,www.sherwin-williams.com
1090,SMNNY US Equity,www.shimano.com
1091,SHECY US Equity,www.shinetsu.co.jp
1092,SHG US Equity,www.shinhangroup.com
1093,SKCBY US Equity,www.shinkin-central-bank.jp/
1094,SGIOY US Equity,www.shionogi.co.jp
1095,SSDOY US Equity,www.shiseidogroup.com
1096,SUHJY US Equity,www.shkp.com.hk
1097,WHGLY US Equity,www.shuanghui-international.com
1098,SBSW US Equity,www.sibanyestillwater.com
1099,SMNEY US Equity,www.siemens-energy.com
1100,SMMNY US Equity,www.siemens-healthineers.com
1101,GCTAY US Equity,www.siemensgamesa.com
1102,SBNY US Equity,www.signatureny.com
1103,SXYAY US Equity,www.sika.com
1104,SPG US Equity,www.simon.com
1105,SINGY US Equity,www.singaporeair.com
1106,SGAPY US Equity,www.singtel.com
1107,SBHMY US Equity,www.sino-biopharm.com
1108,SNLAY US Equity,www.sino.com
1109,SNP US Equity,www.sinopecgroup.com
1110,SIRI US Equity,www.siriusxm.com
1111,SITIY US Equity,www.sitc.com
1112,SKBSY US Equity,www.skanska.se
1113,SKFRY US Equity,www.skf.com
1114,SKM US Equity,www.sktelecom.com
1115,SWKS US Equity,www.skyworksinc.com
1116,SLB US Equity,www.slb.com
1117,SMCAY US Equity,www.smcworld.com/
1118,SMFG US Equity,www.smfg.co.jp
1119,SNN US Equity,www.smith-nephew.com
1120,SMMYY US Equity,www.smm.co.jp
1121,SUTNY US Equity,www.smth.jp
1122,SJM US Equity,www.smuckers.com
1123,SMFKY US Equity,www.smurfitkappa.com
1124,SNMRY US Equity,www.snam.it
1125,SNAP US Equity,www.snap.com
1126,SNOW US Equity,www.snowflake.com
1127,SCGLY US Equity,www.societegenerale.com
1128,SDXAY US Equity,www.sodexo.com
1129,SOFI US Equity,www.sofi.com
1130,SOBKY US Equity,www.softbankmobile.co.jp
1131,SEDG US Equity,www.solaredge.com
1132,SOLVY US Equity,www.solvay.com
1133,SMPNY US Equity,www.sompo-hd.com
1134,SKHHY US Equity,www.sonichealthcare.com.au
1135,SONVY US Equity,www.sonova.com
1136,SONY US Equity,www.sony.net
1137,SOUHY US Equity,www.south32.net
1138,SO US Equity,www.southerncompany.com
1139,SCCO US Equity,www.southerncoppercorp.com
1140,LUV US Equity,www.southwest.com
1141,SPGI US Equity,www.spglobal.com
1142,SPXSY US Equity,www.spiraxsarcoengineering.com
1143,SPLK US Equity,www.splunk.com
1144,SPOT US Equity,www.spotify.com
1145,SQM US Equity,www.sqm.com
1146,SQ US Equity,www.squareup.com
1147,SSNC US Equity,www.ssctech.com
1148,SSEZY US Equity,www.ssen.co.uk
1149,STM US Equity,www.st.com
1150,SGBLY US Equity,www.standardbank.com
1151,SWK US Equity,www.stanleyblackanddecker.com
1152,SBUX US Equity,www.starbucks.com
1153,STLD US Equity,www.steeldynamics.com
1154,STLA US Equity,www.stellantis.com
1155,STE US Equity,www.steris.com
1156,STNE US Equity,www.stone.co
1157,SEOAY US Equity,www.storaenso.com
1158,SAUHY US Equity,www.straumann.com
1159,SYK US Equity,www.stryker.com
1160,FUJHY US Equity,www.subaru.co.jp
1161,SZSAY US Equity,www.suez.com
1162,SSUMY US Equity,www.sumitomocorp.co.jp
1163,SUI US Equity,www.suncommunities.com
1164,SNMCY US Equity,www.suncorpgroup.com.au
1165,SOTGY US Equity,www.sunny-optics.com
1166,STBFY US Equity,www.suntory.com
1167,SUZ US Equity,www.suzano.com.br
1168,SIVB US Equity,www.svb.com
1169,SWGAY US Equity,www.swatchgroup.com
1170,SWDBY US Equity,www.swedbank.se
1171,SWMAY US Equity,www.swedishmatch.com
1172,SCMWY US Equity,www.swisscom.ch
1173,SZLMY US Equity,www.swisslife.com
1174,SSREY US Equity,www.swissre.com
1175,SYIEY US Equity,www.symrise.de
1176,SYF US Equity,www.synchrony.com
1177,SNPS US Equity,www.synopsys.com
1178,SYY US Equity,www.sysco.com
1179,SSMXY US Equity,www.sysmex.co.jp/
1180,TMUS US Equity,www.t-mobile.com
1181,TTWO US Equity,www.take2games.com
1182,TAK US Equity,www.takeda.co.jp
1183,TLLXY US Equity,www.talanx.com
1184,TPR US Equity,www.tapestry.com
1185,TRGP US Equity,www.targaresources.com
1186,TGT US Equity,www.target.com
1187,TTM US Equity,www.tatamotors.com
1188,TATLY US Equity,www.tatasteel.com
1189,TEL US Equity,www.te.com
1190,TOELY US Equity,www.tel.com
1191,TDOC US Equity,www.teladoc.com
1192,TLTZY US Equity,www.tele2.com
1193,TDY US Equity,www.teledynetechnologies.com
1194,TFX US Equity,www.teleflex.com
1195,VIV US Equity,www.telefonica.com.br
1196,TEF US Equity,www.telefonica.es
1197,DTEGY US Equity,www.telekom3.de
1198,TELNY US Equity,www.telenor.com
1199,TLPFY US Equity,www.teleperformance.com
1200,TLSNY US Equity,www.teliacompany.com
1201,TLK US Equity,www.telkom.co.id
1202,TLSYY US Equity,www.telstra.com.au
1203,TMSNY US Equity,www.temenos.com
1204,TS US Equity,www.tenaris.com
1205,TCEHY US Equity,www.tencent.com
1206,TME US Equity,www.tencentmusic.com
1207,TER US Equity,www.teradyne.com
1208,TEZNY US Equity,www.terna.it
1209,TX US Equity,www.ternium.com
1210,TRUMY US Equity,www.terumo.com
1211,TSCDY US Equity,www.tescoplc.com
1212,TSLA US Equity,www.tesla.com
1213,TEVA US Equity,www.tevapharm.com
1214,TXT US Equity,www.textron.com
1215,THLLY US Equity,www.thalesgroup.com
1216,CLX US Equity,www.thecloroxcompany.com
1217,HIG US Equity,www.thehartford.com
1218,HEINY US Equity,www.theheinekencompany.com
1219,TTD US Equity,www.thetradedesk.com
1220,GRUB US Equity,www.thuisbezorgd.nl
1221,TXN US Equity,www.ti.com
1222,TJX US Equity,www.tjx.com
1223,TNABY US Equity,www.tnb.com.my
1224,TKOMY US Equity,www.tokiomarinehd.com
1225,TRYIY US Equity,www.toray.com
1226,TTC US Equity,www.toro.com
1227,TOSYY US Equity,www.toshiba.co.jp
1228,TTE US Equity,www.totalenergies.com
1229,PTFRY US Equity,www.tower-bersama.com
1230,HOKCY US Equity,www.towngas.com
1231,TM US Equity,www.toyota-global.com
1232,TYIDY US Equity,www.toyota-shokki.co.jp
1233,TPL US Equity,www.tpltrust.com
1234,TSCO US Equity,www.tractorsupply.com
1235,TT US Equity,www.tranetechnologies.com
1236,TDG US Equity,www.transdigm.com
1237,TRU US Equity,www.transunion.com
1238,TRV US Equity,www.travelers.com
1239,TREX US Equity,www.trex.com
1240,TRMB US Equity,www.trimble.com
1241,TROW US Equity,www.troweprice.com
1242,TFC US Equity,www.truist.com
1243,TGVSY US Equity,www.tryg.com
1244,TSGTY US Equity,www.tsingtaobeer.com
1245,TSM US Equity,www.tsmc.com.tw
1246,TTNDY US Equity,www.ttigroup.com
1247,TWLO US Equity,www.twilio.com
1248,TYL US Equity,www.tylertech.com
1249,TSN US Equity,www.tysonfoods.com
1250,UBER US Equity,www.uber.com
1251,UCBJY US Equity,www.ucb.com
1252,UDR US Equity,www.udr.com
1253,UHS US Equity,www.uhsinc.com
1254,UHID US Equity,www.uhsinc.com
1255,UI US Equity,www.ui.com
1256,PATH US Equity,www.uipath.com
1257,ULTA US Equity,www.ulta.com
1258,UCLQF US Equity,www.ultratechcement.com
1259,UMC US Equity,www.umc.com
1260,UMICY US Equity,www.umicore.com
1261,UA US Equity,www.underarmour.com
1262,UAA US Equity,www.underarmour.com
1263,UNICY US Equity,www.unicharm.co.jp
1264,UNCRY US Equity,www.unicreditgroup.eu
1265,UNLRY US Equity,www.unilever.com
1266,UL US Equity,www.unilever.com
1267,UAL US Equity,www.united.com
1268,UNH US Equity,www.unitedhealthgroup.com
1269,URI US Equity,www.unitedrentals.com
1270,U US Equity,www.unity.com
1271,UOVEY US Equity,www.uobgroup.com
1272,UNP US Equity,www.up.com
1273,UPMMY US Equity,www.upm.com
1274,UPS US Equity,www.ups.com
1275,UPST US Equity,www.upstart.com
1276,PG US Equity,www.us.pg.com
1277,USB US Equity,www.usbank.com
1278,UWMC US Equity,www.uwm.com
1279,MTN US Equity,www.vailresorts.com
1280,VALE US Equity,www.vale.com
1281,VLO US Equity,www.valero.com
1282,VTAGY US Equity,www.vantagetowers.com
1283,VACNY US Equity,www.vatvalve.com
1284,VEDL US Equity,www.vedantalimited.com
1285,VEEV US Equity,www.veeva.com
1286,VTR US Equity,www.ventasreit.com
1287,VEOEY US Equity,www.veolia.com
1288,OEZVY US Equity,www.verbund.com
1289,VER US Equity,www.vereit.com
1290,VRSN US Equity,www.verisign.com
1291,VRSK US Equity,www.verisk.com
1292,VZ US Equity,www.verizon.com
1293,VWDRY US Equity,www.vestas.com
1294,VFC US Equity,www.vfc.com
1295,VIAC US Equity,www.viacbs.com
1296,VIACA US Equity,www.viacbs.com
1297,VTRS US Equity,www.viatris.com/en
1298,VICI US Equity,www.viciproperties.com
1299,VCISY US Equity,www.vinci.com
1300,VIPS US Equity,www.vipshop.com
1301,VIVHY US Equity,www.vivendi.com
1302,VMW US Equity,www.vmware.com
1303,VDMCY US Equity,www.vodacom.com
1304,VOD US Equity,www.vodafone.com
1305,VWAPY US Equity,www.volkswagenag.com
1306,VWAGY US Equity,www.volkswagenag.com
1307,VLVLY US Equity,www.volvogroup.com
1308,VONOY US Equity,www.vonovia.de
1309,VRTX US Equity,www.vrtx.com
1310,VMC US Equity,www.vulcanmaterials.com
1311,WAB US Equity,www.wabtec.com
1312,WBA US Equity,www.walgreens.com
1313,WMT US Equity,www.walmart.com
1314,WMMVY US Equity,www.walmartmexico.com.mx
1315,WAT US Equity,www.waters.com
1316,WSO US Equity,www.watsco.com
1317,WSO/B US Equity,www.watsco.com
1318,W US Equity,www.wayfair.com
1319,WEC US Equity,www.wecenergygroup.com
1320,WEGZY US Equity,www.weg.com.br
1321,WB US Equity,www.weibo.com
1322,WEICY US Equity,www.weichaipower.com
1323,WFC US Equity,www.wellsfargo.com
1324,WELL US Equity,www.welltower.com
1325,WFAFY US Equity,www.wesfarmers.com.au
1326,WAL US Equity,www.westernallianceef.com
1327,WDC US Equity,www.westerndigital.com
1328,WJRYY US Equity,www.westjr.co.jp
1329,WLK US Equity,www.westlake.com
1330,WBK US Equity,www.westpac.com.au
1331,WST US Equity,www.westpharma.com
1332,WRK US Equity,www.westrock.com
1333,WY US Equity,www.weyerhaeuser.com
1334,WARFY US Equity,www.wharf-holdings.com
1335,WHR US Equity,www.whirlpoolcorp.com
1336,WSM US Equity,www.williams-sonoma.com
1337,WLTW US Equity,www.willistowerswatson.com
1338,WLMIY US Equity,www.wilmar-international.com
1339,WIT US Equity,www.wipro.com
1340,WIGBY US Equity,www.wisetechglobal.com
1341,WIX US Equity,www.wix.com
1342,WM US Equity,www.wm.com
1343,WMG US Equity,www.wmg.com
1344,WTKWY US Equity,www.wolterskluwer.com
1345,WOPEY US Equity,www.woodside.com.au
1346,WDAY US Equity,www.workday.com
1347,WRDLY US Equity,www.worldline.com
1348,WPC US Equity,www.wpcarey.com
1349,WPP US Equity,www.wpp.com
1350,WXXWY US Equity,www.wuxibiologics.com
1351,WYNN US Equity,www.wynnresorts.com
1352,XEL US Equity,www.xcelenergy.com
1353,XPEV US Equity,www.xiaopeng.com
1354,XLNX US Equity,www.xilinx.com
1355,XNGSY US Equity,www.xinaogas.com
1356,XYIGY US Equity,www.xinyiglass.com
1357,XISHY US Equity,www.xinyisolar.com
1358,XP US Equity,www.xpi.com.br
1359,XYL US Equity,www.xylem.com
1360,YKLTY US Equity,www.yakult.co.jp
1361,YAMCY US Equity,www.yamaha.com
1362,YNDX US Equity,www.yandex.com
1363,YZCAY US Equity,www.yanzhoucoal.com.cn
1364,YARIY US Equity,www.yara.com
1365,YASKY US Equity,www.yaskawa.co.jp
1366,YUM US Equity,www.yum.com
1367,YUMC US Equity,www.yumchina.com
1368,YAHOY US Equity,www.z-holdings.co.jp
1369,ZLAB US Equity,www.zailaboratory.com
1370,ZLNDY US Equity,www.zalando.de
1371,ZBRA US Equity,www.zebra.com
1372,ZEN US Equity,www.zendesk.com
1373,BZ US Equity,www.zhipin.com
1374,ZG US Equity,www.zillow.com
1375,Z US Equity,www.zillow.com
1376,ZBH US Equity,www.zimmerbiomet.com
1377,ZIJMY US Equity,www.zjky.cn
1378,ZTS US Equity,www.zoetis.com
1379,ZM US Equity,www.zoom.us
1380,ZI US Equity,www.zoominfo.com
1381,ZLIOY US Equity,www.zoomlion.com
1382,ZSHGY US Equity,www.zs-group.com.cn
1383,ZS US Equity,www.zscaler.com
1384,ZTCOY US Equity,www.zte.com.cn
1385,ZTO US Equity,www.zto.com
1386,ZURVY US Equity,www.zurich.com
1387,AVLR US Equity,www1.avalara.com
